{"patches_1_tflite=False": {"block_inference_time": {"mean": 0.012258892059326171, "std": 0.00456046008609807}, "inference_time_breakdown": {"splitting": 0.0, "forward": 0.0, "reconstructing": 0.0}, "inference_time": {"mean": 0.042420878410339355, "std": 0.014085869091225483}, "tflite": false, "number_of_patches": 1, "test_accuracy": -1}, "patches_4_tflite=False": {"block_inference_time": {"mean": 0.021874022483825684, "std": 0.003216187219597285}, "inference_time_breakdown": {"splitting": 0.001818695068359375, "forward": 0.01972443103790283, "reconstructing": 0.00032186031341552735}, "inference_time": {"mean": 0.041021728515625, "std": 0.01476681386526684}, "tflite": false, "number_of_patches": 4, "test_accuracy": -1}, "patches_9_tflite=False": {"block_inference_time": {"mean": 0.06632081985473633, "std": 0.013819321396534164}, "inference_time_breakdown": {"splitting": 0.005200834274291992, "forward": 0.06053437709808349, "reconstructing": 0.0005856084823608398}, "inference_time": {"mean": 0.09823123455047607, "std": 0.03582500628557517}, "tflite": false, "number_of_patches": 9, "test_accuracy": -1}, "patches_16_tflite=False": {"block_inference_time": {"mean": 0.12653351783752442, "std": 0.040035241288390866}, "inference_time_breakdown": {"splitting": 0.009390912055969237, "forward": 0.11636844158172607, "reconstructing": 0.0007281494140625}, "inference_time": {"mean": 0.18069538593292236, "std": 0.0658010012908852}, "tflite": false, "number_of_patches": 16, "test_accuracy": -1}, "patches_1_tflite=True": {"inference_time": {"mean": 0.0015143728256225585, "std": 0.0007335568193008806}, "tflite": true, "number_of_patches": 1, "test_accuracy": 0.8665314316749573}, "patches_4_tflite=True": {"inference_time": {"mean": 0.0017950677871704103, "std": 0.0004988942064381535}, "tflite": true, "number_of_patches": 4, "test_accuracy": 0.843330979347229}, "patches_9_tflite=True": {"inference_time": {"mean": 0.0016455602645874022, "std": 0.0005208176003919979}, "tflite": true, "number_of_patches": 9, "test_accuracy": 0.8475652933120728}, "patches_16_tflite=True": {"inference_time": {"mean": 0.0018706464767456056, "std": 0.0008050791692790119}, "tflite": true, "number_of_patches": 16, "test_accuracy": 0.8418313264846802}, "patches_25_tflite=False": {"block_inference_time": {"mean": 0.09139314651489258, "std": 0.005654898487454934}, "inference_time_breakdown": {"splitting": 0.007545967102050782, "forward": 0.08344672679901123, "reconstructing": 0.00038041114807128905}, "inference_time": {"mean": 0.1025675344467163, "std": 0.02363414798302764}, "tflite": false, "number_of_patches": 25, "test_accuracy": -1}, "patches_36_tflite=False": {"block_inference_time": {"mean": 0.13204809188842773, "std": 0.020542709811923958}, "inference_time_breakdown": {"splitting": 0.011810989379882812, "forward": 0.119668607711792, "reconstructing": 0.000459589958190918}, "inference_time": {"mean": 0.13639076709747314, "std": 0.01340079286233581}, "tflite": false, "number_of_patches": 36, "test_accuracy": -1}}